research.question,sub.research.question,repeat.for.variable,independent.variable,independent.variable.type,dependent.variable,dependent.variable.type,hypothesis.type,hypothesis
RQ: not specified (automatic analysisplan),sub RQ not specified (automatic analysisplan),NA,NA,NA,localite,categorical,direct_reporting,
RQ: not specified (automatic analysisplan),sub RQ not specified (automatic analysisplan),NA,NA,NA,facility_name,categorical,direct_reporting,
RQ: not specified (automatic analysisplan),sub RQ not specified (automatic analysisplan),NA,NA,NA,a4_sex_ki,categorical,direct_reporting,
RQ: not specified (automatic analysisplan),sub RQ not specified (automatic analysisplan),NA,NA,NA,a1_role_ki,categorical,direct_reporting,
RQ: not specified (automatic analysisplan),sub RQ not specified (automatic analysisplan),NA,NA,NA,b2_type_facility,categorical,direct_reporting,
RQ: not specified (automatic analysisplan),sub RQ not specified (automatic analysisplan),NA,NA,NA,a3_length_service,categorical,direct_reporting,
RQ: not specified (automatic analysisplan),sub RQ not specified (automatic analysisplan),NA,NA,NA,a6_facility_treat_covid,categorical,direct_reporting,
RQ: not specified (automatic analysisplan),sub RQ not specified (automatic analysisplan),NA,NA,NA,a6_refer_covid_patients,categorical,direct_reporting,
RQ: not specified (automatic analysisplan),sub RQ not specified (automatic analysisplan),NA,NA,NA,a7_facility_refer_covid_district,categorical,direct_reporting,
RQ: not specified (automatic analysisplan),sub RQ not specified (automatic analysisplan),NA,NA,NA,a7_facility_refer_covid,categorical,direct_reporting,
RQ: not specified (automatic analysisplan),sub RQ not specified (automatic analysisplan),NA,NA,NA,a8_accept_other_patients,categorical,direct_reporting,
RQ: not specified (automatic analysisplan),sub RQ not specified (automatic analysisplan),NA,NA,NA,b8_patients_number,numerical,direct_reporting,
RQ: not specified (automatic analysisplan),sub RQ not specified (automatic analysisplan),NA,NA,NA,b9_patients_number_change,numerical,direct_reporting,
RQ: not specified (automatic analysisplan),sub RQ not specified (automatic analysisplan),NA,NA,NA,b10_medical_staff_number,numerical,direct_reporting,
RQ: not specified (automatic analysisplan),sub RQ not specified (automatic analysisplan),NA,NA,NA,b11_support_staff_number,numerical,direct_reporting,
RQ: not specified (automatic analysisplan),sub RQ not specified (automatic analysisplan),NA,NA,NA,b3_response_plan,categorical,direct_reporting,
RQ: not specified (automatic analysisplan),sub RQ not specified (automatic analysisplan),NA,NA,NA,b4_response_plan_info,categorical,direct_reporting,
RQ: not specified (automatic analysisplan),sub RQ not specified (automatic analysisplan),NA,NA,NA,b5_facility_covid_response_focus,categorical,direct_reporting,
RQ: not specified (automatic analysisplan),sub RQ not specified (automatic analysisplan),NA,NA,NA,b12_pf,categorical,direct_reporting,
RQ: not specified (automatic analysisplan),sub RQ not specified (automatic analysisplan),NA,NA,NA,b13_pf_2,categorical,direct_reporting,
RQ: not specified (automatic analysisplan),sub RQ not specified (automatic analysisplan),NA,NA,NA,b14_pf_3,categorical,direct_reporting,
RQ: not specified (automatic analysisplan),sub RQ not specified (automatic analysisplan),NA,NA,NA,b15_triage,categorical,direct_reporting,
RQ: not specified (automatic analysisplan),sub RQ not specified (automatic analysisplan),NA,NA,NA,b16_triage_2,categorical,direct_reporting,
RQ: not specified (automatic analysisplan),sub RQ not specified (automatic analysisplan),NA,NA,NA,b17_expo_agent_sante,categorical,direct_reporting,
RQ: not specified (automatic analysisplan),sub RQ not specified (automatic analysisplan),NA,NA,NA,b18_expo_agent_sante,categorical,direct_reporting,
RQ: not specified (automatic analysisplan),sub RQ not specified (automatic analysisplan),NA,NA,NA,b19_expo_agent_sante,categorical,direct_reporting,
RQ: not specified (automatic analysisplan),sub RQ not specified (automatic analysisplan),NA,NA,NA,c1_nurses_covid_assigned,numerical,direct_reporting,
RQ: not specified (automatic analysisplan),sub RQ not specified (automatic analysisplan),NA,NA,NA,c1_nurses_covid_assigned_ide,numerical,direct_reporting,
RQ: not specified (automatic analysisplan),sub RQ not specified (automatic analysisplan),NA,NA,NA,c1_nurses_covid_assigned_secouristes,numerical,direct_reporting,
RQ: not specified (automatic analysisplan),sub RQ not specified (automatic analysisplan),NA,NA,NA,c1_nurses_covid_assigned_assistants_sante,numerical,direct_reporting,
RQ: not specified (automatic analysisplan),sub RQ not specified (automatic analysisplan),NA,NA,NA,c1_nurses_covid_assigned_agents_sante,numerical,direct_reporting,
RQ: not specified (automatic analysisplan),sub RQ not specified (automatic analysisplan),NA,NA,NA,sum_c1,numerical,direct_reporting,
RQ: not specified (automatic analysisplan),sub RQ not specified (automatic analysisplan),NA,NA,NA,c3_doctors_covid_assigned,numerical,direct_reporting,
RQ: not specified (automatic analysisplan),sub RQ not specified (automatic analysisplan),NA,NA,NA,c4_1_lab_technicians_covid,numerical,direct_reporting,
RQ: not specified (automatic analysisplan),sub RQ not specified (automatic analysisplan),NA,NA,NA,c5_admin_covid_assigned,numerical,direct_reporting,
RQ: not specified (automatic analysisplan),sub RQ not specified (automatic analysisplan),NA,NA,NA,c6_cleaning_covid_assigned,numerical,direct_reporting,
RQ: not specified (automatic analysisplan),sub RQ not specified (automatic analysisplan),NA,NA,NA,c7_security_covid_assigned,numerical,direct_reporting,
RQ: not specified (automatic analysisplan),sub RQ not specified (automatic analysisplan),NA,NA,NA,c8_staff_trainings,categorical,direct_reporting,
RQ: not specified (automatic analysisplan),sub RQ not specified (automatic analysisplan),NA,NA,NA,c13_early_detection_staff_training,categorical,direct_reporting,
RQ: not specified (automatic analysisplan),sub RQ not specified (automatic analysisplan),NA,NA,NA,c14_infection_prevention_and_control_48,categorical,direct_reporting,
RQ: not specified (automatic analysisplan),sub RQ not specified (automatic analysisplan),NA,NA,NA,c15_sample_collection_training,categorical,direct_reporting,
RQ: not specified (automatic analysisplan),sub RQ not specified (automatic analysisplan),NA,NA,NA,c17_respiratory_therapy_training,categorical,direct_reporting,
RQ: not specified (automatic analysisplan),sub RQ not specified (automatic analysisplan),NA,NA,NA,c19_home_testing_50,categorical,direct_reporting,
RQ: not specified (automatic analysisplan),sub RQ not specified (automatic analysisplan),NA,NA,NA,d2_rapid_tests,numerical,direct_reporting,
RQ: not specified (automatic analysisplan),sub RQ not specified (automatic analysisplan),NA,NA,NA,d3_sample_referral,categorical,direct_reporting,
RQ: not specified (automatic analysisplan),sub RQ not specified (automatic analysisplan),NA,NA,NA,d4_samples_transport_destination,categorical,direct_reporting,
RQ: not specified (automatic analysisplan),sub RQ not specified (automatic analysisplan),NA,NA,NA,d5_samples_transport,categorical,direct_reporting,
RQ: not specified (automatic analysisplan),sub RQ not specified (automatic analysisplan),NA,NA,NA,d7_samples_resources,categorical,direct_reporting,
RQ: not specified (automatic analysisplan),sub RQ not specified (automatic analysisplan),NA,NA,NA,d7_samples_capacity_gap,categorical,direct_reporting,
RQ: not specified (automatic analysisplan),sub RQ not specified (automatic analysisplan),NA,NA,NA,e1_ambulance_number,categorical,direct_reporting,
RQ: not specified (automatic analysisplan),sub RQ not specified (automatic analysisplan),NA,NA,NA,e3_bed_number,numerical,direct_reporting,
RQ: not specified (automatic analysisplan),sub RQ not specified (automatic analysisplan),NA,NA,NA,e4_isolation_ward,categorical,direct_reporting,
RQ: not specified (automatic analysisplan),sub RQ not specified (automatic analysisplan),NA,NA,NA,e5_isolation_ward_number,numerical,direct_reporting,
RQ: not specified (automatic analysisplan),sub RQ not specified (automatic analysisplan),NA,NA,NA,e6_isolation_ward_beds,numerical,direct_reporting,
RQ: not specified (automatic analysisplan),sub RQ not specified (automatic analysisplan),NA,NA,NA,e9_intesive_care_units,numerical,direct_reporting,
RQ: not specified (automatic analysisplan),sub RQ not specified (automatic analysisplan),NA,NA,NA,e10_intensive_care_beds,numerical,direct_reporting,
RQ: not specified (automatic analysisplan),sub RQ not specified (automatic analysisplan),NA,NA,NA,e13_3_referral_protocol_transport_patients,categorical,direct_reporting,
RQ: not specified (automatic analysisplan),sub RQ not specified (automatic analysisplan),NA,NA,NA,e15_generators,categorical,direct_reporting,
RQ: not specified (automatic analysisplan),sub RQ not specified (automatic analysisplan),NA,NA,NA,f1_equipment_availability,categorical,direct_reporting,
RQ: not specified (automatic analysisplan),sub RQ not specified (automatic analysisplan),NA,NA,NA,f2_fever_relief,categorical,direct_reporting,
RQ: not specified (automatic analysisplan),sub RQ not specified (automatic analysisplan),NA,NA,NA,f3_fever_relief_number,numerical,direct_reporting,
RQ: not specified (automatic analysisplan),sub RQ not specified (automatic analysisplan),NA,NA,NA,f4_antibiotics,categorical,direct_reporting,
RQ: not specified (automatic analysisplan),sub RQ not specified (automatic analysisplan),NA,NA,NA,f4_1_antibiotics_type,categorical,direct_reporting,
RQ: not specified (automatic analysisplan),sub RQ not specified (automatic analysisplan),NA,NA,NA,f5_antibiotics_number,numerical,direct_reporting,
RQ: not specified (automatic analysisplan),sub RQ not specified (automatic analysisplan),NA,NA,NA,f6_1_oxygen_source,categorical,direct_reporting,
RQ: not specified (automatic analysisplan),sub RQ not specified (automatic analysisplan),NA,NA,NA,f6_2_oxygen_capacity,numerical,direct_reporting,
RQ: not specified (automatic analysisplan),sub RQ not specified (automatic analysisplan),NA,NA,NA,f6_oxygen_masks,categorical,direct_reporting,
RQ: not specified (automatic analysisplan),sub RQ not specified (automatic analysisplan),NA,NA,NA,f7_oxygen_masks_number,numerical,direct_reporting,
RQ: not specified (automatic analysisplan),sub RQ not specified (automatic analysisplan),NA,NA,NA,f8_pulse_oximetres,categorical,direct_reporting,
RQ: not specified (automatic analysisplan),sub RQ not specified (automatic analysisplan),NA,NA,NA,f9_pulse_oximetres_number,numerical,direct_reporting,
RQ: not specified (automatic analysisplan),sub RQ not specified (automatic analysisplan),NA,NA,NA,f10_resuscitators,categorical,direct_reporting,
RQ: not specified (automatic analysisplan),sub RQ not specified (automatic analysisplan),NA,NA,NA,f11_resuscitators_number,numerical,direct_reporting,
RQ: not specified (automatic analysisplan),sub RQ not specified (automatic analysisplan),NA,NA,NA,f12_ventilators,categorical,direct_reporting,
RQ: not specified (automatic analysisplan),sub RQ not specified (automatic analysisplan),NA,NA,NA,f13_ventilators_number,numerical,direct_reporting,
RQ: not specified (automatic analysisplan),sub RQ not specified (automatic analysisplan),NA,NA,NA,f14_oxygen_concentrators,categorical,direct_reporting,
RQ: not specified (automatic analysisplan),sub RQ not specified (automatic analysisplan),NA,NA,NA,f15_oxygen_concentartor_number,numerical,direct_reporting,
RQ: not specified (automatic analysisplan),sub RQ not specified (automatic analysisplan),NA,NA,NA,f16_hfnc,categorical,direct_reporting,
RQ: not specified (automatic analysisplan),sub RQ not specified (automatic analysisplan),NA,NA,NA,f17_hfnc_number,numerical,direct_reporting,
RQ: not specified (automatic analysisplan),sub RQ not specified (automatic analysisplan),NA,NA,NA,f18_suction_pump,categorical,direct_reporting,
RQ: not specified (automatic analysisplan),sub RQ not specified (automatic analysisplan),NA,NA,NA,f19_suction_pump_number,numerical,direct_reporting,
RQ: not specified (automatic analysisplan),sub RQ not specified (automatic analysisplan),NA,NA,NA,f20_x_ray,categorical,direct_reporting,
RQ: not specified (automatic analysisplan),sub RQ not specified (automatic analysisplan),NA,NA,NA,f21_additional_equipment,categorical,direct_reporting,
RQ: not specified (automatic analysisplan),sub RQ not specified (automatic analysisplan),NA,NA,NA,g1_staff_masks,categorical,direct_reporting,
RQ: not specified (automatic analysisplan),sub RQ not specified (automatic analysisplan),NA,NA,NA,g2_staff_masks_available,numerical,direct_reporting,
RQ: not specified (automatic analysisplan),sub RQ not specified (automatic analysisplan),NA,NA,NA,g13_medical_masks_patient,categorical,direct_reporting,
RQ: not specified (automatic analysisplan),sub RQ not specified (automatic analysisplan),NA,NA,NA,g14_patients_masks_visitors_available,numerical,direct_reporting,
RQ: not specified (automatic analysisplan),sub RQ not specified (automatic analysisplan),NA,NA,NA,g3_gowns,categorical,direct_reporting,
RQ: not specified (automatic analysisplan),sub RQ not specified (automatic analysisplan),NA,NA,NA,g4_gowns_available,numerical,direct_reporting,
RQ: not specified (automatic analysisplan),sub RQ not specified (automatic analysisplan),NA,NA,NA,g5_aprons,categorical,direct_reporting,
RQ: not specified (automatic analysisplan),sub RQ not specified (automatic analysisplan),NA,NA,NA,g6_aprons_available,numerical,direct_reporting,
RQ: not specified (automatic analysisplan),sub RQ not specified (automatic analysisplan),NA,NA,NA,g7_scrubs,categorical,direct_reporting,
RQ: not specified (automatic analysisplan),sub RQ not specified (automatic analysisplan),NA,NA,NA,g8_scrubs_available,numerical,direct_reporting,
RQ: not specified (automatic analysisplan),sub RQ not specified (automatic analysisplan),NA,NA,NA,g9_surgical_gloves,categorical,direct_reporting,
RQ: not specified (automatic analysisplan),sub RQ not specified (automatic analysisplan),NA,NA,NA,g10_surgical_gloves_available,numerical,direct_reporting,
RQ: not specified (automatic analysisplan),sub RQ not specified (automatic analysisplan),NA,NA,NA,g11_glasses_shields,categorical,direct_reporting,
RQ: not specified (automatic analysisplan),sub RQ not specified (automatic analysisplan),NA,NA,NA,g12_glasses_shields_available,numerical,direct_reporting,
RQ: not specified (automatic analysisplan),sub RQ not specified (automatic analysisplan),NA,NA,NA,g15_medical_boots,categorical,direct_reporting,
RQ: not specified (automatic analysisplan),sub RQ not specified (automatic analysisplan),NA,NA,NA,g16_medical_boots_available,numerical,direct_reporting,
RQ: not specified (automatic analysisplan),sub RQ not specified (automatic analysisplan),NA,NA,NA,g17_stock,categorical,direct_reporting,
RQ: not specified (automatic analysisplan),sub RQ not specified (automatic analysisplan),NA,NA,NA,h1_source_eau,categorical,direct_reporting,
RQ: not specified (automatic analysisplan),sub RQ not specified (automatic analysisplan),NA,NA,NA,h2_source_eau_fonctionnel,categorical,direct_reporting,
RQ: not specified (automatic analysisplan),sub RQ not specified (automatic analysisplan),NA,NA,NA,h3_source_eau_quali,categorical,direct_reporting,
RQ: not specified (automatic analysisplan),sub RQ not specified (automatic analysisplan),NA,NA,NA,h4_eau_traitement,categorical,direct_reporting,
RQ: not specified (automatic analysisplan),sub RQ not specified (automatic analysisplan),NA,NA,NA,h5_coges,categorical,direct_reporting,
RQ: not specified (automatic analysisplan),sub RQ not specified (automatic analysisplan),NA,NA,NA,h6_freq_hygiene,categorical,direct_reporting,
RQ: not specified (automatic analysisplan),sub RQ not specified (automatic analysisplan),NA,NA,NA,h7_installation_hygiene,categorical,direct_reporting,
RQ: not specified (automatic analysisplan),sub RQ not specified (automatic analysisplan),NA,NA,NA,h8_latrine,categorical,direct_reporting,
RQ: not specified (automatic analysisplan),sub RQ not specified (automatic analysisplan),NA,NA,NA,h9_douche,categorical,direct_reporting,
RQ: not specified (automatic analysisplan),sub RQ not specified (automatic analysisplan),NA,NA,NA,h10_douche_pargenre,categorical,direct_reporting,
RQ: not specified (automatic analysisplan),sub RQ not specified (automatic analysisplan),NA,NA,NA,h11_douche_handic,categorical,direct_reporting,
RQ: not specified (automatic analysisplan),sub RQ not specified (automatic analysisplan),NA,NA,NA,h12_latrine_zoneiso,categorical,direct_reporting,
RQ: not specified (automatic analysisplan),sub RQ not specified (automatic analysisplan),NA,NA,NA,h13_hygiene_zoneiso,categorical,direct_reporting,
RQ: not specified (automatic analysisplan),sub RQ not specified (automatic analysisplan),NA,NA,NA,h14_info_hygiene,categorical,direct_reporting,
RQ: not specified (automatic analysisplan),sub RQ not specified (automatic analysisplan),NA,NA,NA,h15_formation_hygiene,categorical,direct_reporting,
RQ: not specified (automatic analysisplan),sub RQ not specified (automatic analysisplan),NA,NA,NA,h16_nettoyage_proto,categorical,direct_reporting,
RQ: not specified (automatic analysisplan),sub RQ not specified (automatic analysisplan),NA,NA,NA,h17_nettoyage_mat_utilise,categorical,direct_reporting,
RQ: not specified (automatic analysisplan),sub RQ not specified (automatic analysisplan),NA,NA,NA,h18_nettoyage_mat_dispo,categorical,direct_reporting,
RQ: not specified (automatic analysisplan),sub RQ not specified (automatic analysisplan),NA,NA,NA,h19_nettoyage_formation,categorical,direct_reporting,
RQ: not specified (automatic analysisplan),sub RQ not specified (automatic analysisplan),NA,NA,NA,h20_nettoyage_pers,categorical,direct_reporting,
RQ: not specified (automatic analysisplan),sub RQ not specified (automatic analysisplan),NA,NA,NA,h21_nettoyage_epi,categorical,direct_reporting,
RQ: not specified (automatic analysisplan),sub RQ not specified (automatic analysisplan),NA,NA,NA,h22_nettoyage_sop,categorical,direct_reporting,
RQ: not specified (automatic analysisplan),sub RQ not specified (automatic analysisplan),NA,NA,NA,h23_poubelles,categorical,direct_reporting,
RQ: not specified (automatic analysisplan),sub RQ not specified (automatic analysisplan),NA,NA,NA,h24_poubelles_tri,categorical,direct_reporting,
RQ: not specified (automatic analysisplan),sub RQ not specified (automatic analysisplan),NA,NA,NA,h25_fosses_dechet,categorical,direct_reporting,
RQ: not specified (automatic analysisplan),sub RQ not specified (automatic analysisplan),NA,NA,NA,h25_fosses_placentas,categorical,direct_reporting,
RQ: not specified (automatic analysisplan),sub RQ not specified (automatic analysisplan),NA,NA,NA,h25_fosses_cendre,categorical,direct_reporting,
RQ: not specified (automatic analysisplan),sub RQ not specified (automatic analysisplan),NA,NA,NA,h25_fosses_biomedicaux,categorical,direct_reporting,
RQ: not specified (automatic analysisplan),sub RQ not specified (automatic analysisplan),NA,NA,NA,h26_tri_dechets_tranchants,categorical,direct_reporting,
RQ: not specified (automatic analysisplan),sub RQ not specified (automatic analysisplan),NA,NA,NA,j1_posters_symptoms,categorical,direct_reporting,
RQ: not specified (automatic analysisplan),sub RQ not specified (automatic analysisplan),NA,NA,NA,j3_authorities_communication,categorical,direct_reporting,
RQ: not specified (automatic analysisplan),sub RQ not specified (automatic analysisplan),NA,NA,NA,j7_communication_guidance,categorical,direct_reporting,
RQ: not specified (automatic analysisplan),sub RQ not specified (automatic analysisplan),NA,NA,NA,j8_info_enough,categorical,direct_reporting,
RQ: not specified (automatic analysisplan),sub RQ not specified (automatic analysisplan),NA,NA,NA,j9_sample_colletion_info_31,categorical,direct_reporting,
RQ: not specified (automatic analysisplan),sub RQ not specified (automatic analysisplan),NA,NA,NA,j10_authorities_info_satisfaction,categorical,direct_reporting,
RQ: not specified (automatic analysisplan),sub RQ not specified (automatic analysisplan),NA,NA,NA,j10_authorities_info_dissatisfied,categorical,direct_reporting,
RQ: not specified (automatic analysisplan),sub RQ not specified (automatic analysisplan),NA,NA,NA,j12_how_get_in_contact,categorical,direct_reporting,
RQ: not specified (automatic analysisplan),sub RQ not specified (automatic analysisplan),NA,district,categorical,localite,categorical,group_difference,
RQ: not specified (automatic analysisplan),sub RQ not specified (automatic analysisplan),NA,district,categorical,facility_name,categorical,group_difference,
RQ: not specified (automatic analysisplan),sub RQ not specified (automatic analysisplan),NA,district,categorical,a4_sex_ki,categorical,group_difference,
RQ: not specified (automatic analysisplan),sub RQ not specified (automatic analysisplan),NA,district,categorical,a1_role_ki,categorical,group_difference,
RQ: not specified (automatic analysisplan),sub RQ not specified (automatic analysisplan),NA,district,categorical,b2_type_facility,categorical,group_difference,
RQ: not specified (automatic analysisplan),sub RQ not specified (automatic analysisplan),NA,district,categorical,a3_length_service,categorical,group_difference,
RQ: not specified (automatic analysisplan),sub RQ not specified (automatic analysisplan),NA,district,categorical,a6_facility_treat_covid,categorical,group_difference,
RQ: not specified (automatic analysisplan),sub RQ not specified (automatic analysisplan),NA,district,categorical,a6_refer_covid_patients,categorical,group_difference,
RQ: not specified (automatic analysisplan),sub RQ not specified (automatic analysisplan),NA,district,categorical,a7_facility_refer_covid_district,categorical,group_difference,
RQ: not specified (automatic analysisplan),sub RQ not specified (automatic analysisplan),NA,district,categorical,a7_facility_refer_covid,categorical,group_difference,
RQ: not specified (automatic analysisplan),sub RQ not specified (automatic analysisplan),NA,district,categorical,a8_accept_other_patients,categorical,group_difference,
RQ: not specified (automatic analysisplan),sub RQ not specified (automatic analysisplan),NA,district,categorical,b8_patients_number,numerical,group_difference,
RQ: not specified (automatic analysisplan),sub RQ not specified (automatic analysisplan),NA,district,categorical,b9_patients_number_change,numerical,group_difference,
RQ: not specified (automatic analysisplan),sub RQ not specified (automatic analysisplan),NA,district,categorical,b10_medical_staff_number,numerical,group_difference,
RQ: not specified (automatic analysisplan),sub RQ not specified (automatic analysisplan),NA,district,categorical,b11_support_staff_number,numerical,group_difference,
RQ: not specified (automatic analysisplan),sub RQ not specified (automatic analysisplan),NA,district,categorical,b3_response_plan,categorical,group_difference,
RQ: not specified (automatic analysisplan),sub RQ not specified (automatic analysisplan),NA,district,categorical,b4_response_plan_info,categorical,group_difference,
RQ: not specified (automatic analysisplan),sub RQ not specified (automatic analysisplan),NA,district,categorical,b5_facility_covid_response_focus,categorical,group_difference,
RQ: not specified (automatic analysisplan),sub RQ not specified (automatic analysisplan),NA,district,categorical,b12_pf,categorical,group_difference,
RQ: not specified (automatic analysisplan),sub RQ not specified (automatic analysisplan),NA,district,categorical,b13_pf_2,categorical,group_difference,
RQ: not specified (automatic analysisplan),sub RQ not specified (automatic analysisplan),NA,district,categorical,b14_pf_3,categorical,group_difference,
RQ: not specified (automatic analysisplan),sub RQ not specified (automatic analysisplan),NA,district,categorical,b15_triage,categorical,group_difference,
RQ: not specified (automatic analysisplan),sub RQ not specified (automatic analysisplan),NA,district,categorical,b16_triage_2,categorical,group_difference,
RQ: not specified (automatic analysisplan),sub RQ not specified (automatic analysisplan),NA,district,categorical,b17_expo_agent_sante,categorical,group_difference,
RQ: not specified (automatic analysisplan),sub RQ not specified (automatic analysisplan),NA,district,categorical,b18_expo_agent_sante,categorical,group_difference,
RQ: not specified (automatic analysisplan),sub RQ not specified (automatic analysisplan),NA,district,categorical,b19_expo_agent_sante,categorical,group_difference,
RQ: not specified (automatic analysisplan),sub RQ not specified (automatic analysisplan),NA,district,categorical,c1_nurses_covid_assigned,numerical,group_difference,
RQ: not specified (automatic analysisplan),sub RQ not specified (automatic analysisplan),NA,district,categorical,c1_nurses_covid_assigned_ide,numerical,group_difference,
RQ: not specified (automatic analysisplan),sub RQ not specified (automatic analysisplan),NA,district,categorical,c1_nurses_covid_assigned_secouristes,numerical,group_difference,
RQ: not specified (automatic analysisplan),sub RQ not specified (automatic analysisplan),NA,district,categorical,c1_nurses_covid_assigned_assistants_sante,numerical,group_difference,
RQ: not specified (automatic analysisplan),sub RQ not specified (automatic analysisplan),NA,district,categorical,c1_nurses_covid_assigned_agents_sante,numerical,group_difference,
RQ: not specified (automatic analysisplan),sub RQ not specified (automatic analysisplan),NA,district,categorical,sum_c1,numerical,group_difference,
RQ: not specified (automatic analysisplan),sub RQ not specified (automatic analysisplan),NA,district,categorical,c3_doctors_covid_assigned,numerical,group_difference,
RQ: not specified (automatic analysisplan),sub RQ not specified (automatic analysisplan),district,,,c4_1_lab_technicians_covid,numerical,direct_reporting,
RQ: not specified (automatic analysisplan),sub RQ not specified (automatic analysisplan),NA,district,categorical,c5_admin_covid_assigned,numerical,group_difference,
RQ: not specified (automatic analysisplan),sub RQ not specified (automatic analysisplan),NA,district,categorical,c6_cleaning_covid_assigned,numerical,group_difference,
RQ: not specified (automatic analysisplan),sub RQ not specified (automatic analysisplan),NA,district,categorical,c7_security_covid_assigned,numerical,group_difference,
RQ: not specified (automatic analysisplan),sub RQ not specified (automatic analysisplan),NA,district,categorical,c8_staff_trainings,categorical,group_difference,
RQ: not specified (automatic analysisplan),sub RQ not specified (automatic analysisplan),NA,district,categorical,c13_early_detection_staff_training,categorical,group_difference,
RQ: not specified (automatic analysisplan),sub RQ not specified (automatic analysisplan),NA,district,categorical,c14_infection_prevention_and_control_48,categorical,group_difference,
RQ: not specified (automatic analysisplan),sub RQ not specified (automatic analysisplan),NA,district,categorical,c15_sample_collection_training,categorical,group_difference,
RQ: not specified (automatic analysisplan),sub RQ not specified (automatic analysisplan),NA,district,categorical,c17_respiratory_therapy_training,categorical,group_difference,
RQ: not specified (automatic analysisplan),sub RQ not specified (automatic analysisplan),NA,district,categorical,c19_home_testing_50,categorical,group_difference,
RQ: not specified (automatic analysisplan),sub RQ not specified (automatic analysisplan),district,,,d2_rapid_tests,numerical,direct_reporting,
RQ: not specified (automatic analysisplan),sub RQ not specified (automatic analysisplan),NA,district,categorical,d3_sample_referral,categorical,group_difference,
RQ: not specified (automatic analysisplan),sub RQ not specified (automatic analysisplan),NA,district,categorical,d4_samples_transport_destination,categorical,group_difference,
RQ: not specified (automatic analysisplan),sub RQ not specified (automatic analysisplan),NA,district,categorical,d5_samples_transport,categorical,group_difference,
RQ: not specified (automatic analysisplan),sub RQ not specified (automatic analysisplan),NA,district,categorical,d7_samples_resources,categorical,group_difference,
RQ: not specified (automatic analysisplan),sub RQ not specified (automatic analysisplan),NA,district,categorical,d7_samples_capacity_gap,categorical,group_difference,
RQ: not specified (automatic analysisplan),sub RQ not specified (automatic analysisplan),NA,district,categorical,e1_ambulance_number,categorical,group_difference,
RQ: not specified (automatic analysisplan),sub RQ not specified (automatic analysisplan),NA,district,categorical,e3_bed_number,numerical,group_difference,
RQ: not specified (automatic analysisplan),sub RQ not specified (automatic analysisplan),NA,district,categorical,e4_isolation_ward,categorical,group_difference,
RQ: not specified (automatic analysisplan),sub RQ not specified (automatic analysisplan),district,,,e5_isolation_ward_number,numerical,direct_reporting,
RQ: not specified (automatic analysisplan),sub RQ not specified (automatic analysisplan),district,,,e6_isolation_ward_beds,numerical,direct_reporting,
RQ: not specified (automatic analysisplan),sub RQ not specified (automatic analysisplan),NA,district,categorical,e9_intesive_care_units,numerical,group_difference,
RQ: not specified (automatic analysisplan),sub RQ not specified (automatic analysisplan),NA,district,categorical,e10_intensive_care_beds,numerical,group_difference,
RQ: not specified (automatic analysisplan),sub RQ not specified (automatic analysisplan),NA,district,categorical,e13_3_referral_protocol_transport_patients,categorical,group_difference,
RQ: not specified (automatic analysisplan),sub RQ not specified (automatic analysisplan),NA,district,categorical,e15_generators,categorical,group_difference,
RQ: not specified (automatic analysisplan),sub RQ not specified (automatic analysisplan),NA,district,categorical,f1_equipment_availability,categorical,group_difference,
RQ: not specified (automatic analysisplan),sub RQ not specified (automatic analysisplan),NA,district,categorical,f2_fever_relief,categorical,group_difference,
RQ: not specified (automatic analysisplan),sub RQ not specified (automatic analysisplan),district,,,f3_fever_relief_number,numerical,direct_reporting,
RQ: not specified (automatic analysisplan),sub RQ not specified (automatic analysisplan),NA,district,categorical,f4_antibiotics,categorical,group_difference,
RQ: not specified (automatic analysisplan),sub RQ not specified (automatic analysisplan),NA,district,categorical,f4_1_antibiotics_type,categorical,group_difference,
RQ: not specified (automatic analysisplan),sub RQ not specified (automatic analysisplan),district,,,f5_antibiotics_number,numerical,direct_reporting,
RQ: not specified (automatic analysisplan),sub RQ not specified (automatic analysisplan),NA,district,categorical,f6_1_oxygen_source,categorical,group_difference,
RQ: not specified (automatic analysisplan),sub RQ not specified (automatic analysisplan),district,,,f6_2_oxygen_capacity,numerical,direct_reporting,
RQ: not specified (automatic analysisplan),sub RQ not specified (automatic analysisplan),NA,district,categorical,f6_oxygen_masks,categorical,group_difference,
RQ: not specified (automatic analysisplan),sub RQ not specified (automatic analysisplan),NA,district,categorical,f7_oxygen_masks_number,numerical,group_difference,
RQ: not specified (automatic analysisplan),sub RQ not specified (automatic analysisplan),NA,district,categorical,f8_pulse_oximetres,categorical,group_difference,
RQ: not specified (automatic analysisplan),sub RQ not specified (automatic analysisplan),NA,district,categorical,f9_pulse_oximetres_number,numerical,group_difference,
RQ: not specified (automatic analysisplan),sub RQ not specified (automatic analysisplan),NA,district,categorical,f10_resuscitators,categorical,group_difference,
RQ: not specified (automatic analysisplan),sub RQ not specified (automatic analysisplan),NA,district,categorical,f11_resuscitators_number,numerical,group_difference,
RQ: not specified (automatic analysisplan),sub RQ not specified (automatic analysisplan),NA,district,categorical,f12_ventilators,categorical,group_difference,
RQ: not specified (automatic analysisplan),sub RQ not specified (automatic analysisplan),NA,district,categorical,f13_ventilators_number,numerical,group_difference,
RQ: not specified (automatic analysisplan),sub RQ not specified (automatic analysisplan),NA,district,categorical,f14_oxygen_concentrators,categorical,group_difference,
RQ: not specified (automatic analysisplan),sub RQ not specified (automatic analysisplan),NA,district,categorical,f15_oxygen_concentartor_number,numerical,group_difference,
RQ: not specified (automatic analysisplan),sub RQ not specified (automatic analysisplan),NA,district,categorical,f16_hfnc,categorical,group_difference,
RQ: not specified (automatic analysisplan),sub RQ not specified (automatic analysisplan),NA,district,categorical,f17_hfnc_number,numerical,group_difference,
RQ: not specified (automatic analysisplan),sub RQ not specified (automatic analysisplan),NA,district,categorical,f18_suction_pump,categorical,group_difference,
RQ: not specified (automatic analysisplan),sub RQ not specified (automatic analysisplan),NA,district,categorical,f19_suction_pump_number,numerical,group_difference,
RQ: not specified (automatic analysisplan),sub RQ not specified (automatic analysisplan),NA,district,categorical,f20_x_ray,categorical,group_difference,
RQ: not specified (automatic analysisplan),sub RQ not specified (automatic analysisplan),NA,district,categorical,f21_additional_equipment,categorical,group_difference,
RQ: not specified (automatic analysisplan),sub RQ not specified (automatic analysisplan),NA,district,categorical,g1_staff_masks,categorical,group_difference,
RQ: not specified (automatic analysisplan),sub RQ not specified (automatic analysisplan),district,,,g2_staff_masks_available,numerical,direct_reporting,
RQ: not specified (automatic analysisplan),sub RQ not specified (automatic analysisplan),NA,district,categorical,g13_medical_masks_patient,categorical,group_difference,
RQ: not specified (automatic analysisplan),sub RQ not specified (automatic analysisplan),district,,,g14_patients_masks_visitors_available,numerical,direct_reporting,
RQ: not specified (automatic analysisplan),sub RQ not specified (automatic analysisplan),NA,district,categorical,g3_gowns,categorical,group_difference,
RQ: not specified (automatic analysisplan),sub RQ not specified (automatic analysisplan),district,,,g4_gowns_available,numerical,direct_reporting,
RQ: not specified (automatic analysisplan),sub RQ not specified (automatic analysisplan),NA,district,categorical,g5_aprons,categorical,group_difference,
RQ: not specified (automatic analysisplan),sub RQ not specified (automatic analysisplan),district,,,g6_aprons_available,numerical,direct_reporting,
RQ: not specified (automatic analysisplan),sub RQ not specified (automatic analysisplan),NA,district,categorical,g7_scrubs,categorical,group_difference,
RQ: not specified (automatic analysisplan),sub RQ not specified (automatic analysisplan),NA,district,categorical,g8_scrubs_available,numerical,group_difference,
RQ: not specified (automatic analysisplan),sub RQ not specified (automatic analysisplan),NA,district,categorical,g9_surgical_gloves,categorical,group_difference,
RQ: not specified (automatic analysisplan),sub RQ not specified (automatic analysisplan),district,,,g10_surgical_gloves_available,numerical,direct_reporting,
RQ: not specified (automatic analysisplan),sub RQ not specified (automatic analysisplan),district,,,g11_glasses_shields,categorical,direct_reporting,
RQ: not specified (automatic analysisplan),sub RQ not specified (automatic analysisplan),district,,,g12_glasses_shields_available,numerical,direct_reporting,
RQ: not specified (automatic analysisplan),sub RQ not specified (automatic analysisplan),district,,,g15_medical_boots,categorical,direct_reporting,
RQ: not specified (automatic analysisplan),sub RQ not specified (automatic analysisplan),district,,,g16_medical_boots_available,numerical,direct_reporting,
RQ: not specified (automatic analysisplan),sub RQ not specified (automatic analysisplan),district,,,g17_stock,categorical,direct_reporting,
RQ: not specified (automatic analysisplan),sub RQ not specified (automatic analysisplan),district,,,h1_source_eau,categorical,direct_reporting,
RQ: not specified (automatic analysisplan),sub RQ not specified (automatic analysisplan),district,,,h2_source_eau_fonctionnel,categorical,direct_reporting,
RQ: not specified (automatic analysisplan),sub RQ not specified (automatic analysisplan),district,,,h3_source_eau_quali,categorical,direct_reporting,
RQ: not specified (automatic analysisplan),sub RQ not specified (automatic analysisplan),district,,,h4_eau_traitement,categorical,direct_reporting,
RQ: not specified (automatic analysisplan),sub RQ not specified (automatic analysisplan),district,,,h5_coges,categorical,direct_reporting,
RQ: not specified (automatic analysisplan),sub RQ not specified (automatic analysisplan),district,,,h6_freq_hygiene,categorical,direct_reporting,
RQ: not specified (automatic analysisplan),sub RQ not specified (automatic analysisplan),district,,,h7_installation_hygiene,categorical,direct_reporting,
RQ: not specified (automatic analysisplan),sub RQ not specified (automatic analysisplan),district,,,h8_latrine,categorical,direct_reporting,
RQ: not specified (automatic analysisplan),sub RQ not specified (automatic analysisplan),district,,,h9_douche,categorical,direct_reporting,
RQ: not specified (automatic analysisplan),sub RQ not specified (automatic analysisplan),district,,,h10_douche_pargenre,categorical,direct_reporting,
RQ: not specified (automatic analysisplan),sub RQ not specified (automatic analysisplan),district,,,h11_douche_handic,categorical,direct_reporting,
RQ: not specified (automatic analysisplan),sub RQ not specified (automatic analysisplan),district,,,h12_latrine_zoneiso,categorical,direct_reporting,
RQ: not specified (automatic analysisplan),sub RQ not specified (automatic analysisplan),district,,,h13_hygiene_zoneiso,categorical,direct_reporting,
RQ: not specified (automatic analysisplan),sub RQ not specified (automatic analysisplan),district,,,h14_info_hygiene,categorical,direct_reporting,
RQ: not specified (automatic analysisplan),sub RQ not specified (automatic analysisplan),district,,,h15_formation_hygiene,categorical,direct_reporting,
RQ: not specified (automatic analysisplan),sub RQ not specified (automatic analysisplan),district,,,h16_nettoyage_proto,categorical,direct_reporting,
RQ: not specified (automatic analysisplan),sub RQ not specified (automatic analysisplan),district,,,h17_nettoyage_mat_utilise,categorical,direct_reporting,
RQ: not specified (automatic analysisplan),sub RQ not specified (automatic analysisplan),district,,,h18_nettoyage_mat_dispo,categorical,direct_reporting,
RQ: not specified (automatic analysisplan),sub RQ not specified (automatic analysisplan),district,,,h19_nettoyage_formation,categorical,direct_reporting,
RQ: not specified (automatic analysisplan),sub RQ not specified (automatic analysisplan),district,,,h20_nettoyage_pers,categorical,direct_reporting,
RQ: not specified (automatic analysisplan),sub RQ not specified (automatic analysisplan),district,,,h21_nettoyage_epi,categorical,direct_reporting,
RQ: not specified (automatic analysisplan),sub RQ not specified (automatic analysisplan),district,,,h22_nettoyage_sop,categorical,direct_reporting,
RQ: not specified (automatic analysisplan),sub RQ not specified (automatic analysisplan),district,,,h23_poubelles,categorical,direct_reporting,
RQ: not specified (automatic analysisplan),sub RQ not specified (automatic analysisplan),district,,,h24_poubelles_tri,categorical,direct_reporting,
RQ: not specified (automatic analysisplan),sub RQ not specified (automatic analysisplan),district,,,h25_fosses_dechet,categorical,direct_reporting,
RQ: not specified (automatic analysisplan),sub RQ not specified (automatic analysisplan),district,,,h25_fosses_placentas,categorical,direct_reporting,
RQ: not specified (automatic analysisplan),sub RQ not specified (automatic analysisplan),district,,,h25_fosses_cendre,categorical,direct_reporting,
RQ: not specified (automatic analysisplan),sub RQ not specified (automatic analysisplan),district,,,h25_fosses_biomedicaux,categorical,direct_reporting,
RQ: not specified (automatic analysisplan),sub RQ not specified (automatic analysisplan),district,,,h26_tri_dechets_tranchants,categorical,direct_reporting,
RQ: not specified (automatic analysisplan),sub RQ not specified (automatic analysisplan),district,,,j1_posters_symptoms,categorical,direct_reporting,
RQ: not specified (automatic analysisplan),sub RQ not specified (automatic analysisplan),district,,,j3_authorities_communication,categorical,direct_reporting,
RQ: not specified (automatic analysisplan),sub RQ not specified (automatic analysisplan),district,,,j7_communication_guidance,categorical,direct_reporting,
RQ: not specified (automatic analysisplan),sub RQ not specified (automatic analysisplan),district,,,j8_info_enough,categorical,direct_reporting,
RQ: not specified (automatic analysisplan),sub RQ not specified (automatic analysisplan),district,,,j9_sample_colletion_info_31,categorical,direct_reporting,
RQ: not specified (automatic analysisplan),sub RQ not specified (automatic analysisplan),district,,,j10_authorities_info_satisfaction,categorical,direct_reporting,
RQ: not specified (automatic analysisplan),sub RQ not specified (automatic analysisplan),district,,,j10_authorities_info_dissatisfied,categorical,direct_reporting,
RQ: not specified (automatic analysisplan),sub RQ not specified (automatic analysisplan),district,,,j12_how_get_in_contact,categorical,direct_reporting,
